driverId,firstName,lastName,gender,age,mobNumber,address,licenseNumber,idle?
1,Ramprasad,Bismil,M,50,+918639488230,23-D^ Behind Star City Mall``Delhi-NCR`Haryana`110003`India,RJ-1320120123456,N
2,Anuj,Kumar,M,33,+918824938422,28-D^ Lhasila Rd`WO Area`Mumbai`Maharashtra`4000012`India,MH-998274736332,Y
3,Patrick,Markson,M,33,+91876543212,ABC Street^ XYZ Colony`324-D`Mumbai`Maharashtra`-`India,MH-123456789123,Y
4,Senpai,,M,32,+918379302749,ABC Street`XYZ Town`Pune`Maharashtra`-`India,MH-1204845030423,Y
