firstName,lastName,gender,age,mobNumber,address,type,left?,reasonForLeaving(ifLeft)
Sharon,Jenkins,F,24,+91xxxxxxxxxx,ABC-Street` D-Block` E` F,Travel Nurse,N,NA
Ben,Willis,M,28,+91xxxxxxxxxx,ABC-Street` D-Block` E` F,Compounder,N,NA
Matt,Stephens,M,23,+91xxxxxxxxxx,ABC-Street` D-Block` E` F,LPN,N,NA
Barry,Brickman,M,24,+91xxxxxxxxxx,ABC-Street` D-Block` E` F,Med-surgical,N,NA
Matthew,,M,26,+91xxxxxxxxx,ABC-Street` D-Block` E` F,ERN,N,NA
Frank,Stevens,M,26,+91xxxxxxxxxx,ABC-Street` D-Block` E` F,Oncology,N,NA
